{
  "version": 1,
  "author": "Anonymous maker",
  "editor": "wokwi",
  "parts": [
    {
      "type": "wokwi-pi-pico",
      "id": "pico",
      "top": 0,
      "left": 0,
      "attrs": { "builder": "pico-sdk" }
    },
    {
      "type": "wokwi-pushbutton",
      "id": "btn1",
      "top": 2.86,
      "left": 120.22,
      "attrs": { "color": "green" }
    },
    {
      "type": "wokwi-resistor",
      "id": "r1",
      "top": 62.83,
      "left": 118.79,
      "attrs": { "value": "1000" }
    }
  ],
  "connections": [
    [ "pico:GP0", "$serialMonitor:RX", "", [] ],
    [ "pico:GP1", "$serialMonitor:TX", "", [] ],
    [ "btn1:1.l", "pico:3V3", "green", [ "h0" ] ],
    [ "btn1:2.l", "pico:GP1", "green", [ "h0" ] ],
    [ "btn1:2.l", "r1:1", "green", [ "h0" ] ],
    [ "r1:2", "pico:GND.1", "green", [ "v0" ] ]
  ]
}